<configs>


	<remove xpath="/lootcontainers/lootcontainer[@name='questRewardSkillMagazines']"/>
	<remove xpath="/lootcontainers/lootgroup[@name='groupAirDrop']"/>
	<remove xpath="/lootcontainers/lootgroup[@name='groupLuggage01']"/>
	<remove xpath="/lootcontainers/lootgroup[@name='groupLootChestBonusItems']"/>
	<remove xpath="/lootcontainers/lootgroup[@name='groupPopNPillsCrate02']"/>
	<remove xpath="/lootcontainers/lootgroup[@name='groupShamwayCrate02']"/>
	<remove xpath="/lootcontainers/lootgroup[@name='groupShotgunMessiahCrate02']"/>
	<remove xpath="/lootcontainers/lootgroup[@name='groupSavageCountryCrate01']"/>
	<remove xpath="/lootcontainers/lootgroup[@name='groupPassNGas03']"/>
	<remove xpath="/lootcontainers/lootgroup[@name='groupPassNGas01']"/>
	<remove xpath="/lootcontainers/lootgroup[@name='groupCampingTents01']"/>
	<remove xpath="/lootcontainers/lootgroup[@name='groupBackpacks01']"/>
	<remove xpath="/lootcontainers/lootgroup[@name='groupMailbox01']"/>
	<remove xpath="/lootcontainers/lootgroup[@name='groupFarmTruck02']"/>
	<remove xpath="/lootcontainers/lootgroup[@name='groupMoPower04']"/>
	<remove xpath="/lootcontainers/lootgroup[@name='groupMoPower02']"/>
	<remove xpath="/lootcontainers/lootgroup[@name='groupMoPower01']"/>
	<remove xpath="/lootcontainers/lootgroup[@name='groupMoPowerShelves']"/>
	<remove xpath="/lootcontainers/lootgroup[@name='groupBotSchematics']"/>
	<remove xpath="/lootcontainers/lootgroup[@name='groupStunBaton']"/>
	<remove xpath="/lootcontainers/lootgroup[@name='groupDewCollectorLoot02']"/>
	<remove xpath="/lootcontainers/lootgroup[@name='groupDewCollectorLoot01']"/>
	<remove xpath="/lootcontainers/lootgroup[@name='groupChemistryStationLoot03']"/>
	<remove xpath="/lootcontainers/lootgroup[@name='groupCementMixerLoot']"/>
	<remove xpath="/lootcontainers/lootgroup[@name='groupForge']"/>
	<remove xpath="/lootcontainers/lootgroup[@name='groupWorkbenchLoot04']"/>
	<remove xpath="/lootcontainers/lootgroup[@name='groupFileCabinet01']"/>
	<remove xpath="/lootcontainers/lootgroup[@name='groupGarage02']"/>
	<remove xpath="/lootcontainers/lootgroup[@name='groupCars03']"/>
	<remove xpath="/lootcontainers/lootgroup[@name='groupCars02']"/>
	<remove xpath="/lootcontainers/lootgroup[@name='groupMilitaryFootlocker01']"/>
	<remove xpath="/lootcontainers/lootgroup[@name='groupMedicalPileLarge']"/>
	<remove xpath="/lootcontainers/lootgroup[@name='groupLiquorBonus']"/>
	<remove xpath="/lootcontainers/lootgroup[@name='groupMedicalPileMed']"/>
	<remove xpath="/lootcontainers/lootgroup[@name='groupMedicalPileSmall']"/>
	<remove xpath="/lootcontainers/lootgroup[@name='groupFoodPileLarge']"/>
	<remove xpath="/lootcontainers/lootgroup[@name='groupFoodPileMed']"/>
	<remove xpath="/lootcontainers/lootgroup[@name='groupFoodPileSmall']"/>
	<remove xpath="/lootcontainers/lootgroup[@name='groupGunSafeSecure']"/>
	<remove xpath="/lootcontainers/lootgroup[@name='groupLargeWeaponBag']"/>
	<remove xpath="/lootcontainers/lootgroup[@name='groupSmallWeaponBag']"/>
	<remove xpath="/lootcontainers/lootgroup[@name='groupBuriedSuppliesT1_03']"/>
	<remove xpath="/lootcontainers/lootgroup[@name='groupCupboard02']"/>
	<remove xpath="/lootcontainers/lootgroup[@name='groupCupboard01']"/>
	<remove xpath="/lootcontainers/lootgroup[@name='groupQuestT1SkillMagazineBundle']"/>
	<remove xpath="/lootcontainers/lootgroup[@name='groupQuestSchematics']"/>
	<remove xpath="/lootcontainers/lootgroup[@name='survivalMedical']"/>
	<remove xpath="/lootcontainers/lootgroup[@name='groupWorkingStiffs01']"/>
	<remove xpath="/lootcontainers/lootgroup[@name='groupElectricalDevices']"/>
	<remove xpath="/lootcontainers/lootgroup[@name='groupSchematicsAll']"/>
	<remove xpath="/lootcontainers/lootgroup[@name='schematicsVehiclesT2']"/>
	<remove xpath="/lootcontainers/lootgroup[@name='schematicsVehiclesT1']"/>
	<remove xpath="/lootcontainers/lootgroup[@name='schematicsVehiclesT0']"/>
	<remove xpath="/lootcontainers/lootgroup[@name='groupQuestRewardSkillMagazinesAll01']"/>
	<remove xpath="/lootcontainers/lootgroup[@name='skillMagazines']"/>
	<remove xpath="/lootcontainers/lootgroup[@name='groupAirDrop03']"/>
	<remove xpath="/lootcontainers/lootgroup[@name='groupHiddenStash02']"/>
	<remove xpath="/lootcontainers/lootgroup[@name='groupHiddenStash01']"/>
	<remove xpath="/lootcontainers/lootgroup[@name='groupLocker02']"/>
	<remove xpath="/lootcontainers/lootgroup[@name='groupLuggage02']"/>
	<remove xpath="/lootcontainers/lootgroup[@name='groupDesks01']"/>
	<remove xpath="/lootcontainers/lootgroup[@name='groupHardenedChestT5_05']"/>
	<remove xpath="/lootcontainers/lootgroup[@name='groupHardenedChestT4_07']"/>
	<remove xpath="/lootcontainers/lootgroup[@name='groupReinforcedChestT3_05']"/>
	<remove xpath="/lootcontainers/lootgroup[@name='groupPopNPillsBooks']"/>
	<remove xpath="/lootcontainers/lootgroup[@name='groupZpackBoss04']"/>
	<remove xpath="/lootcontainers/lootgroup[@name='groupShotgunMessiahBooks']"/>
	<remove xpath="/lootcontainers/lootgroup[@name='groupZpackStrong02']"/>
	<remove xpath="/lootcontainers/lootgroup[@name='groupZpackReg02']"/>
	<remove xpath="/lootcontainers/lootgroup[@name='groupCrackabookCrate']"/>
	<remove xpath="/lootcontainers/lootgroup[@name='groupCrackabookCrate03']"/>
	<remove xpath="/lootcontainers/lootgroup[@name='groupCrackabookCrate02']"/>
	<remove xpath="/lootcontainers/lootgroup[@name='groupCrackabookCrate01']"/>
	<remove xpath="/lootcontainers/lootgroup[@name='groupCrackabookShelves']"/>
	<remove xpath="/lootcontainers/lootgroup[@name='groupCrackabookShelves02']"/>
	<remove xpath="/lootcontainers/lootgroup[@name='groupCrackabookShelves01']"/>
	<remove xpath="/lootcontainers/lootgroup[@name='groupSingleBooks01']"/>
	<remove xpath="/lootcontainers/lootgroup[@name='groupBookPile01']"/>
	<remove xpath="/lootcontainers/lootgroup[@name='groupMailbox02']"/>
	<remove xpath="/lootcontainers/lootgroup[@name='groupBookcase02']"/>
	<remove xpath="/lootcontainers/lootgroup[@name='groupBookcase01']"/>
	<remove xpath="/lootcontainers/lootgroup[@name='groupTechJunkieBooks']"/>
	<remove xpath="/lootcontainers/lootgroup[@name='groupFireTruck02']"/>
	<remove xpath="/lootcontainers/lootgroup[@name='groupFileCabinet02']"/>
	<remove xpath="/lootcontainers/lootgroup[@name='groupPOIStorageBox02']"/>
	<remove xpath="/lootcontainers/lootgroup[@name='groupJunkNoBMats03']"/>
	<remove xpath="/lootcontainers/lootgroup[@name='shamwaySafeFiller']"/>
	<remove xpath="/lootcontainers/lootgroup[@name='groupWorkingStiffs03']"/>
	<remove xpath="/lootcontainers/lootgroup[@name='groupWorkingStiffsBooks']"/>
	<remove xpath="/lootcontainers/lootgroup[@name='groupMilitaryBooks']"/>
	<remove xpath="/lootcontainers/lootgroup[@name='perkBooks']"/>
	<remove xpath="/lootcontainers/lootgroup[@name='groupSavageCountryBooks']"/>
	<remove xpath="/lootcontainers/lootgroup[@name='groupZpackBoss02']"/>
	<remove xpath="/lootcontainers/lootgroup[@name='groupJunk03']"/>
	<remove xpath="/lootcontainers/lootgroup[@name='groupChallengeRewardSkillMagazinesAll01']"/>
	<remove xpath="/lootcontainers/lootgroup[@name='groupQuestRewardSkillMagazinesAll']"/>
	<remove xpath="/lootcontainers/lootgroup[@name='weaponSkillMagazinesOnly']"/>
	<remove xpath="/lootcontainers/lootgroup[@name='groupChallengeRewardSkillMagazinesAll']"/>
	<remove xpath="/lootcontainers/lootgroup[@name='booksRareOnlyScaled']"/>
	<remove xpath="/lootcontainers/lootgroup[@name='booksAllScaled']"/>

    <append xpath="/lootcontainers/lootgroup">
	<!-- *** Books_Schematics_Scaled -->
		<lootgroup name="booksAllScaled" count="1">
			<item group="perkBooks" prob="0.2"/>
			<item group="schematicsModsAndGeneralCommon" prob="0.2"/>
			<item group="schematicsVehiclesCommon" prob="0.2"/>
			<item group="skillMagazines" prob="0.2"/>
		</lootgroup>
    </append>
		
    <append xpath="/lootcontainers/lootgroup">
		<lootgroup name="booksRareOnlyScaled" count="1">
			<item group="schematicsModsAndGeneralRare" prob="0.2"/>
			<item group="schematicsVehiclesRare" prob="0.2"/>
			<item name="plantedGraceCorn1Schematic" prob="0.2"/>
			<item group="skillMagazines" prob="0.2"/>
		</lootgroup>
    </append>
	
    <append xpath="/lootcontainers/lootgroup">
		<lootgroup name="groupChallengeRewardSkillMagazinesAll" count="1">
			<item group="groupChallengeRewardSkillMagazinesAll01" prob="0.2"/>
		</lootgroup>
    </append>
			
    <append xpath="/lootcontainers/lootgroup">
		<lootgroup name="weaponSkillMagazinesOnly" count="1">
			<item name="bowsSkillMagazine" prob="0.2"/>
			<item name="spearsSkillMagazine" prob="0.2"/>
			<item name="bladesSkillMagazine" prob="0.2"/>
			<item name="clubsSkillMagazine" prob="0.2"/>
			<item name="handgunsSkillMagazine" prob="0.2"/>
			<item name="shotgunsSkillMagazine" prob="0.2"/>
			<item name="riflesSkillMagazine" prob="0.2"/>
			<item name="machineGunsSkillMagazine" prob="0.2"/>
			<item name="explosivesSkillMagazine" prob="0.2"/>
			<item name="knucklesSkillMagazine" prob="0.2"/>
			<item name="roboticsSkillMagazine" prob="0.2"/>
		</lootgroup>
    </append>
	
    <append xpath="/lootcontainers/lootgroup">
		<lootgroup name="groupQuestRewardSkillMagazinesAll" count="1">
			<item group="groupQuestRewardSkillMagazinesAll01" prob="0.2"/>
		</lootgroup>
    </append>
			
    <append xpath="/lootcontainers/lootgroup">
		<lootgroup name="groupChallengeRewardSkillMagazinesAll01" count="1">
			<item name="bowsSkillMagazine" count="1" prob="0.2" />
			<item name="spearsSkillMagazine" count="1" prob="0.2" />
			<item name="clubsSkillMagazine" count="1" prob="0.2" />
			<item name="sledgehammersSkillMagazine" count="1" prob="0.2" />
			<item name="harvestingToolsSkillMagazine" count="1" prob="0.2" />
			<item name="knucklesSkillMagazine" count="1" prob="0.2" />
			<item name="bladesSkillMagazine" count="1" prob="0.2" />
			<item name="repairToolsSkillMagazine" count="1" prob="0.2" />
			<item name="salvageToolsSkillMagazine" count="1" prob="0.2" />
		
			<item name="handgunsSkillMagazine" count="1" prob="0.2" />
			<item name="shotgunsSkillMagazine" count="1" prob="0.2" />
			<item name="riflesSkillMagazine" count="1" prob="0.2" />
			<item name="machineGunsSkillMagazine" count="1" prob="0.2" />
			<item name="explosivesSkillMagazine" count="1" prob="0.2" />
			<item name="armorSkillMagazine" count="1" prob="0.2" />
			<item name="roboticsSkillMagazine" count="1" prob="0.2" />
		
			<item name="workstationSkillMagazine" count="1" prob="0.2" />
			<item name="medicalSkillMagazine" count="1" prob="0.2" />
			<item name="foodSkillMagazine" count="1" prob="0.2" />
			<item name="seedSkillMagazine" count="1" prob="0.2" />
			<item name="vehiclesSkillMagazine" count="1" prob="0.2" />
			<item name="electricianSkillMagazine" count="1" prob="0.2" />
			<item name="trapsSkillMagazine" count="1" prob="0.2" />
		</lootgroup>
    </append>
	
    <append xpath="/lootcontainers/lootgroup">
		<lootgroup name="groupJunk03" count="1">
			<item group="groupScrapRare" prob="0.2"/>
			<item group="booksAllScaled" prob="0.2"/>
			<item group="skillMagazines" count="1" prob="0.2"/>
			<item group="booksRareOnlyScaled" prob="0.2"/>
			<item group="groupValuablesSmall" prob="0.2"/>
			<item name="resourceLockPick" count="1,2" prob="0.2"/>
		</lootgroup>
    </append>
	
    <append xpath="/lootcontainers/lootgroup">
		<lootgroup name="groupZpackBoss02" count="1">
			<item group="booksAllScaled" prob="0.2"/>
			<item group="groupChallengeRewardSkillMagazinesAll" prob="0.2"/>
		</lootgroup>
    </append>
	
    <append xpath="/lootcontainers/lootgroup">
		<!-- *** Savage_Country_Crate -->
		<lootgroup name="groupSavageCountryBooks" count="1">
			
			<item name="armorSkillMagazine" prob="0.2"/>
			<item name="bowsSkillMagazine" prob="0.2"/>
			<item name="spearsSkillMagazine" prob="0.2"/>
			<item name="bladesSkillMagazine" prob="0.2"/>
			<item name="clubsSkillMagazine" prob="0.2"/>
		
			<item name="bookRangersArrowRecovery" prob="0.2"/>
			<item name="bookRangersCripplingShot" prob="0.2"/>
			<item name="bookRangersKnockdown" prob="0.2"/>
			<item name="bookRangersFlamingArrows" prob="0.2"/>
			<item name="bookRangersAPAmmo" prob="0.2"/>
			<item name="bookRangersExplodingBolts" prob="0.2"/>
			<item name="bookRangersForestGuide" prob="0.2"/>
		
			<item name="bookSpearHunter1Damage" prob="0.2"/>
			<item name="bookSpearHunter2Maintenance" prob="0.2"/>
			<item name="bookSpearHunter3Bleed" prob="0.2"/>
			<item name="bookSpearHunter4KillMove" prob="0.2"/>
			<item name="bookSpearHunter5RapidStrike" prob="0.2"/>
			<item name="bookSpearHunter6PenetratingShaft" prob="0.2"/>
			<item name="bookSpearHunter7QuickStrike" prob="0.2"/>
			
			<item name="bookHuntingJournalBears" prob="0.2"/>
			<item name="bookHuntingJournalCoyotes" prob="0.2"/>
			<item name="bookHuntingJournalDeer" prob="0.2"/>
			<item name="bookHuntingJournalMountainLions" prob="0.2"/>
			<item name="bookHuntingJournalVultures" prob="0.2"/>
			<item name="bookHuntingJournalWolves" prob="0.2"/>
			<item name="bookHuntingJournalSelfDefense" prob="0.2"/>
			
			<item name="bookBatterUpFoulBalls" prob="0.2"/>
			<item name="bookBatterUpBigHits" prob="0.2"/>
			<item name="bookBatterUpStealingBases" prob="0.2"/>
			<item name="bookBatterUpKnockdown" prob="0.2"/>
			<item name="bookBatterUpSlowPitch" prob="0.2"/>
			<item name="bookBatterUpMaintenance" prob="0.2"/>
			<item name="bookBatterUpMetalChain" prob="0.2"/>
		</lootgroup>
    </append>
	
    <append xpath="/lootcontainers/lootgroup">
	    <!-- *** Perk_Books -->
		<lootgroup name="perkBooks" count="1">
			<item name="bookRangersArrowRecovery" prob="0.2"/>
			<item name="bookRangersCripplingShot" prob="0.2"/>
			<item name="bookRangersKnockdown" prob="0.2"/>
			<item name="bookRangersFlamingArrows" prob="0.2"/>
			<item name="bookRangersAPAmmo" prob="0.2"/>
			<item name="bookRangersExplodingBolts" prob="0.2"/>
			<item name="bookRangersForestGuide" prob="0.2"/>
		
			<item name="bookSpearHunter1Damage" prob="0.2"/>
			<item name="bookSpearHunter2Maintenance" prob="0.2"/>
			<item name="bookSpearHunter3Bleed" prob="0.2"/>
			<item name="bookSpearHunter4KillMove" prob="0.2"/>
			<item name="bookSpearHunter5RapidStrike" prob="0.2"/>
			<item name="bookSpearHunter6PenetratingShaft" prob="0.2"/>
			<item name="bookSpearHunter7QuickStrike" prob="0.2"/>
			
			<item name="bookHuntingJournalBears" prob="0.2"/>
			<item name="bookHuntingJournalCoyotes" prob="0.2"/>
			<item name="bookHuntingJournalDeer" prob="0.2"/>
			<item name="bookHuntingJournalMountainLions" prob="0.2"/>
			<item name="bookHuntingJournalVultures" prob="0.2"/>
			<item name="bookHuntingJournalWolves" prob="0.2"/>
			<item name="bookHuntingJournalSelfDefense" prob="0.2"/>
			
			<item name="bookArtOfMiningLuckyStrike" prob="0.2"/>
			<item name="bookArtOfMiningDiamondTools" prob="0.2"/>
			<item name="bookArtOfMiningCoffee" prob="0.2"/>
			<item name="bookArtOfMiningBlackStrap" prob="0.2"/>
			<item name="bookArtOfMiningPallets" prob="0.2"/>
			<item name="bookArtOfMiningAvalanche" prob="0.2"/>
			<item name="bookArtOfMiningDamage" prob="0.2"/>
			
			<item name="bookBatterUpFoulBalls" prob="0.2"/>
			<item name="bookBatterUpBigHits" prob="0.2"/>
			<item name="bookBatterUpStealingBases" prob="0.2"/>
			<item name="bookBatterUpKnockdown" prob="0.2"/>
			<item name="bookBatterUpSlowPitch" prob="0.2"/>
			<item name="bookBatterUpMaintenance" prob="0.2"/>
			<item name="bookBatterUpMetalChain" prob="0.2"/>
		
			<item name="bookBarBrawling1BasicMoves" prob="0.2"/>
			<item name="bookBarBrawling2DropABomb" prob="0.2"/>
			<item name="bookBarBrawling3KillerInstinct" prob="0.2"/>
			<item name="bookBarBrawling4FinishingMoves" prob="0.2"/>
			<item name="bookBarBrawling5AdrenalineHealing" prob="0.2"/>
			<item name="bookBarBrawling6RageMode" prob="0.2"/>
			<item name="bookBarBrawling7BoozedUp" prob="0.2"/>
		
			<item name="bookWasteTreasuresAcid" prob="0.2"/>
			<item name="bookWasteTreasuresCloth" prob="0.2"/>
			<item name="bookWasteTreasuresCoffins" prob="0.2"/>
			<item name="bookWasteTreasuresDoors" prob="0.2"/>
			<item name="bookWasteTreasuresHoney" prob="0.2"/>
			<item name="bookWasteTreasuresSinks" prob="0.2"/>
			<item name="bookWasteTreasuresWater" prob="0.2"/>
		
			<item name="bookUrbanCombatAdrenalineRush" prob="0.2"/>
			<item name="bookUrbanCombatCigar" prob="0.2"/>
			<item name="bookUrbanCombatRoomClearing" prob="0.2"/>
			<item name="bookUrbanCombatJumping" prob="0.2"/>
			<item name="bookUrbanCombatLandMines" prob="0.2"/>
			<item name="bookUrbanCombatLanding" prob="0.2"/>
			<item name="bookUrbanCombatSneaking" prob="0.2"/>
		
			<item name="bookNightStalkerArchery" prob="0.2"/>
			<item name="bookNightStalkerBlades" prob="0.2"/>
			<item name="bookNightStalkerSilentNight" prob="0.2"/>
			<item name="bookNightStalkerSlumberParty" prob="0.2"/>
			<item name="bookNightStalkerStealthDamage" prob="0.2"/>
			<item name="bookNightStalkerThiefAdrenaline" prob="0.2"/>
			<item name="bookNightStalkerTwilightThief" prob="0.2"/>
		
			<item name="bookFiremansAlmanacSpeed" prob="0.2"/>
			<item name="bookFiremansAlmanacAxes" prob="0.2"/>
			<item name="bookFiremansAlmanacEquipment" prob="0.2"/>
			<item name="bookFiremansAlmanacPrevention" prob="0.2"/>
			<item name="bookFiremansAlmanacHarvest" prob="0.2"/>
			<item name="bookFiremansAlmanacHeat" prob="0.2"/>
			<item name="bookFiremansAlmanacMolotov" prob="0.2"/>
		
			<item name="bookPistolPeteAPAmmo" prob="0.2"/>
			<item name="bookPistolPeteDamage" prob="0.2"/>
			<item name="bookPistolPeteHPAmmo" prob="0.2"/>
			<item name="bookPistolPeteMaintenance" prob="0.2"/>
			<item name="bookPistolPeteSteadyHand" prob="0.2"/>
			<item name="bookPistolPeteSwissKnees" prob="0.2"/>
			<item name="bookPistolPeteTakeAim" prob="0.2"/>
			
			<item name="bookLuckyLooterAmmunition" prob="0.2"/>
			<item name="bookLuckyLooterBooks" prob="0.2"/>
			<item name="bookLuckyLooterBrass" prob="0.2"/>
			<item name="bookLuckyLooterDukes" prob="0.2"/>
			<item name="bookLuckyLooterFood" prob="0.2"/>
			<item name="bookLuckyLooterLead" prob="0.2"/>
			<item name="bookLuckyLooterMedical" prob="0.2"/>
		
			<item name="bookEnforcerAPAmmo" prob="0.2"/>
			<item name="bookEnforcerApparel" prob="0.2"/>
			<item name="bookEnforcerCriminalPursuit" prob="0.2"/>
			<item name="bookEnforcerHPAmmo" prob="0.2"/>
			<item name="bookEnforcerDamage" prob="0.2"/>
			<item name="bookEnforcerIntimidation" prob="0.2"/>
			<item name="bookEnforcerPunks" prob="0.2"/>
			
			<item name="bookShotgunMessiahBreachingSlugs" prob="0.2"/>
			<item name="bookShotgunMessiahDamage" prob="0.2"/>
			<item name="bookShotgunMessiahLimbShot" prob="0.2"/>
			<item name="bookShotgunMessiahMaintenance" prob="0.2"/>
			<item name="bookShotgunMessiahMagazine" prob="0.2"/>
			<item name="bookShotgunMessiahPartyStarter" prob="0.2"/>
			<item name="bookShotgunMessiahSlugs" prob="0.2"/>
		
			<item name="bookGreatHeistAdrenalineFall" prob="0.2"/>
			<item name="bookGreatHeistGoldRush" prob="0.2"/>
			<item name="bookGreatHeistClaimed" prob="0.2"/>
			<item name="bookGreatHeistGems" prob="0.2"/>
			<item name="bookGreatHeistMotionDetection" prob="0.2"/>
			<item name="bookGreatHeistSafes" prob="0.2"/>
			<item name="bookGreatHeistSprintSneak" prob="0.2"/>
		
			<item name="bookSniperAPAmmo" prob="0.2"/>
			<item name="bookSniperControlledBreathing" prob="0.2"/>
			<item name="bookSniperCripplingShot" prob="0.2"/>
			<item name="bookSniperDamage" prob="0.2"/>
			<item name="bookSniperHeadShot" prob="0.2"/>
			<item name="bookSniperReload" prob="0.2"/>
			<item name="bookSniperHPAmmo" prob="0.2"/>
			
			<item name="bookAutoWeaponsDamage" prob="0.2"/>
			<item name="bookAutoWeaponsRagdoll" prob="0.2"/>
			<item name="bookAutoWeaponsMaintenance" prob="0.2"/>
			<item name="bookAutoWeaponsRecoil" prob="0.2"/>
			<item name="bookAutoWeaponsDrumMag" prob="0.2"/>
			<item name="bookAutoWeaponsUncontrolledBurst" prob="0.2"/>
			<item name="bookAutoWeaponsMachineGuns" prob="0.2"/>
		
			<item name="bookTechJunkie1Damage" prob="0.2"/>
			<item name="bookTechJunkie2Maintenance" prob="0.2"/>
			<item name="bookTechJunkie3APAmmo" prob="0.2"/>
			<item name="bookTechJunkie4Shells" prob="0.2"/>
			<item name="bookTechJunkie5Repulsor" prob="0.2"/>
			<item name="bookTechJunkie6BatonCharge" prob="0.2"/>
			<item name="bookTechJunkie7Hydraulics" prob="0.2"/>
		</lootgroup>
    </append>
	
    <append xpath="/lootcontainers/lootgroup">
		<lootgroup name="groupMilitaryBooks" count="1">
			<item name="bookSniperAPAmmo" prob="0.2"/>
			<item name="bookSniperControlledBreathing" prob="0.2"/>
			<item name="bookSniperCripplingShot" prob="0.2"/>
			<item name="bookSniperDamage" prob="0.2"/>
			<item name="bookSniperHeadShot" prob="0.2"/>
			<item name="bookSniperReload" prob="0.2"/>
			<item name="bookSniperHPAmmo" prob="0.2"/>
			
			<item name="bookAutoWeaponsDamage" prob="0.2"/>
			<item name="bookAutoWeaponsRagdoll" prob="0.2"/>
			<item name="bookAutoWeaponsMaintenance" prob="0.2"/>
			<item name="bookAutoWeaponsRecoil" prob="0.2"/>
			<item name="bookAutoWeaponsDrumMag" prob="0.2"/>
			<item name="bookAutoWeaponsUncontrolledBurst" prob="0.2"/>
			<item name="bookAutoWeaponsMachineGuns" prob="0.2"/>
			
			<item name="bookShotgunMessiahBreachingSlugs" prob="0.2"/>
			<item name="bookShotgunMessiahDamage" prob="0.2"/>
			<item name="bookShotgunMessiahLimbShot" prob="0.2"/>
			<item name="bookShotgunMessiahMaintenance" prob="0.2"/>
			<item name="bookShotgunMessiahMagazine" prob="0.2"/>
			<item name="bookShotgunMessiahPartyStarter" prob="0.2"/>
			<item name="bookShotgunMessiahSlugs" prob="0.2"/>
			
			<item name="bookPistolPeteAPAmmo" prob="0.2"/>
			<item name="bookPistolPeteDamage" prob="0.2"/>
			<item name="bookPistolPeteHPAmmo" prob="0.2"/>
			<item name="bookPistolPeteMaintenance" prob="0.2"/>
			<item name="bookPistolPeteSteadyHand" prob="0.2"/>
			<item name="bookPistolPeteSwissKnees" prob="0.2"/>
			<item name="bookPistolPeteTakeAim" prob="0.2"/>
			
			<item name="bookUrbanCombatAdrenalineRush" prob="0.2"/>
			<item name="bookUrbanCombatCigar" prob="0.2"/>
			<item name="bookUrbanCombatRoomClearing" prob="0.2"/>
			<item name="bookUrbanCombatJumping" prob="0.2"/>
			<item name="bookUrbanCombatLandMines" prob="0.2"/>
			<item name="bookUrbanCombatLanding" prob="0.2"/>
			<item name="bookUrbanCombatSneaking" prob="0.2"/>
		</lootgroup>
    </append>
	
    <append xpath="/lootcontainers/lootgroup">
		<lootgroup name="groupWorkingStiffsBooks" count="1">
			<item name="harvestingToolsSkillMagazine" prob="0.2"/>
			<item name="repairToolsSkillMagazine" prob="0.2"/>
			<item name="salvageToolsSkillMagazine" prob="0.2"/>
			<item name="sledgehammersSkillMagazine" prob="0.2"/>
			<item name="workstationSkillMagazine" prob="0.2"/>
		
			<item name="bookArtOfMiningLuckyStrike" prob="0.2"/>
			<item name="bookArtOfMiningDiamondTools" prob="0.2"/>
			<item name="bookArtOfMiningCoffee" prob="0.2"/>
			<item name="bookArtOfMiningBlackStrap" prob="0.2"/>
			<item name="bookArtOfMiningPallets" prob="0.2"/>
			<item name="bookArtOfMiningAvalanche" prob="0.2"/>
			<item name="bookArtOfMiningDamage" prob="0.2"/>
			
			<item name="bookWasteTreasuresAcid" prob="0.2"/>
			<item name="bookWasteTreasuresCloth" prob="0.2"/>
			<item name="bookWasteTreasuresCoffins" prob="0.2"/>
			<item name="bookWasteTreasuresDoors" prob="0.2"/>
			<item name="bookWasteTreasuresHoney" prob="0.2"/>
			<item name="bookWasteTreasuresSinks" prob="0.2"/>
			<item name="bookWasteTreasuresWater" prob="0.2"/>
			
			<item name="bookFiremansAlmanacSpeed" prob="0.2"/>
			<item name="bookFiremansAlmanacAxes" prob="0.2"/>
			<item name="bookFiremansAlmanacEquipment" prob="0.2"/>
			<item name="bookFiremansAlmanacPrevention" prob="0.2"/>
			<item name="bookFiremansAlmanacHarvest" prob="0.2"/>
			<item name="bookFiremansAlmanacHeat" prob="0.2"/>
			<item name="bookFiremansAlmanacMolotov" prob="0.2"/>
		</lootgroup>
    </append>
	
    <append xpath="/lootcontainers/lootgroup">
		<lootgroup name="groupWorkingStiffs03" count="1,2">
			<item group="groupCraftingRare" prob="0.2"/>
			<item group="groupBuildingRare" prob="0.2"/>
			<item group="groupWorkingStiffsBooks" prob="0.2"/>
			<item group="workstationToolsScaled" prob="0.2"/>
		</lootgroup>
    </append>
	
    <append xpath="/lootcontainers/lootgroup">
		<!-- *** Shamway_Loot -->
		<lootgroup name="shamwaySafeFiller">
			<item name="foodCanSham" count="1,3"/>
			<item group="booksRareOnlyScaled" prob="0.2"/>
			<item name="resourcePaper" count="5,20"/>
		</lootgroup>
    </append>
	
    <append xpath="/lootcontainers/lootgroup">
		<lootgroup name="groupJunkNoBMats03" count="1">
			<item group="groupScrapRare" prob="0.2"/>
			<item group="booksAllScaled" prob="0.2"/>
			<item group="booksRareOnlyScaled" prob="0.2"/>
			<item group="skillMagazines" count="1" prob="0.2"/>
			<item group="groupValuablesSmall" prob="0.2"/>
			<item name="resourceLockPick" count="1,2" prob="0.2"/>
		</lootgroup>
    </append>
	
    <append xpath="/lootcontainers/lootgroup">
		<lootgroup name="groupPOIStorageBox02">
			<item group="booksAllScaled" prob="0.2"/>
			<item group="skillMagazines" count="1" prob="0.2"/>
			<item name="resourceGoldNugget" prob="0.2"/>
		</lootgroup>
    </append>
	
    <append xpath="/lootcontainers/lootgroup">
		<lootgroup name="groupFileCabinet02" count="1">
			<item group="booksAllScaled" prob="0.2"/>
			<item group="booksRareOnlyScaled" prob="0.2"/>
		</lootgroup>
    </append>
	
    <append xpath="/lootcontainers/lootgroup">
		<lootgroup name="groupFireTruck02" count="1">
			<item name="bookFiremansAlmanacSpeed" prob="0.2"/>
			<item name="bookFiremansAlmanacAxes" prob="0.2"/>
			<item name="bookFiremansAlmanacEquipment" prob="0.2"/>
			<item name="bookFiremansAlmanacPrevention" prob="0.2"/>
			<item name="bookFiremansAlmanacHarvest" prob="0.2"/>
			<item name="bookFiremansAlmanacHeat" prob="0.2"/>
			<item name="bookFiremansAlmanacMolotov" prob="0.2"/>
		</lootgroup>
    </append>
	
    <append xpath="/lootcontainers/lootgroup">
		<lootgroup name="groupTechJunkieBooks" count="1">
			<item name="bookTechJunkie1Damage" prob="0.2"/>
			<item name="bookTechJunkie2Maintenance" prob="0.2"/>
			<item name="bookTechJunkie3APAmmo" prob="0.2"/>
			<item name="bookTechJunkie4Shells" prob="0.2"/>
			<item name="bookTechJunkie5Repulsor" prob="0.2"/>
			<item name="bookTechJunkie6BatonCharge" prob="0.2"/>
			<item name="bookTechJunkie7Hydraulics" prob="0.2"/>
		</lootgroup>
    </append>
	
    <append xpath="/lootcontainers/lootgroup">
		<!-- *** Bookcase_Loot -->
		<lootgroup name="groupBookcase01">
			<item name="resourcePaper" count="1,5" prob="0.2"/>
			<item group="skillMagazines" count="1,3" prob="0.2"/>
			<item group="booksAllScaled" prob="0.2"/>
		</lootgroup>
    </append>
		
    <append xpath="/lootcontainers/lootgroup">
		<lootgroup name="groupBookcase02">
			<item name="resourcePaper" count="1,5" prob="0.2"/>
			<item group="skillMagazines" count="1,3" prob="0.2"/>
			<item group="booksAllScaled" prob="0.2"/>
			<item group="booksAllScaled" prob="0.2"/>
		</lootgroup>
    </append>
		
    <append xpath="/lootcontainers/lootgroup">
		<lootgroup name="groupMailbox02">
			<item name="resourcePaper" count="3,6" prob="0.2"/>
			<item group="booksAllScaled" prob="0.2"/>
			<item group="skillMagazines" count="1" prob="0.2"/>
		</lootgroup>
    </append>
		
    <append xpath="/lootcontainers/lootgroup">
		<!-- *** Book_Pile -->
		<lootgroup name="groupBookPile01">
			<item group="skillMagazines" count="1,2" prob="0.2"/>
			<item group="booksAllScaled" prob="0.2"/>
		</lootgroup>
    </append>
	
    <append xpath="/lootcontainers/lootgroup">
		<!-- *** Single_Books -->
		<lootgroup name="groupSingleBooks01">
			<item group="skillMagazines" prob="0.2"/>
			<item group="booksAllScaled" prob="0.2"/>
		</lootgroup>
    </append>
		
    <append xpath="/lootcontainers/lootgroup">
		<!-- *** Crackabook_Shelves -->
		<lootgroup name="groupCrackabookShelves01">
			<item name="resourcePaper" count="1,5" prob="0.2"/>
			<item group="skillMagazines" count="1" prob="0.2"/>
			<item group="booksAllScaled" prob="0.2"/>
		</lootgroup>
    </append>

    <append xpath="/lootcontainers/lootgroup">
		<lootgroup name="groupCrackabookShelves02">
			<item group="booksAllScaled" prob="0.2"/>
		</lootgroup>
    </append>
		
    <append xpath="/lootcontainers/lootgroup">
		<lootgroup name="groupCrackabookShelves" count="1">
			<item group="groupCrackabookShelves01" count="1"/>
			<item group="groupCrackabookShelves02" prob="0.2" force_prob="true"/>
		</lootgroup>
    </append>
		
    <append xpath="/lootcontainers/lootgroup">
		<!-- *** Crackabook_Crate -->
		<lootgroup name="groupCrackabookCrate01" count="1">
			<item group="skillMagazines" count="1" prob="0.2"/>
			<item group="booksAllScaled" prob="0.2"/>
		</lootgroup>
    </append>
		
    <append xpath="/lootcontainers/lootgroup">
		<lootgroup name="groupCrackabookCrate02">
			<item group="booksAllScaled" prob="0.2"/>
			<item group="skillMagazines" count="1" prob="0.2"/>
		</lootgroup>
    </append>
		
    <append xpath="/lootcontainers/lootgroup">
		<lootgroup name="groupCrackabookCrate03">
			<item group="booksAllScaled" prob="0.2"/>
			<item group="skillMagazines" count="1" prob="0.2"/>
		</lootgroup>
    </append>
			
    <append xpath="/lootcontainers/lootgroup">
		<lootgroup name="groupCrackabookCrate" count="1">
			<item group="groupCrackabookCrate01" count="1"/>
			<item group="groupCrackabookCrate02" prob="0.2" force_prob="true"/>
			<item group="groupCrackabookCrate03" prob="0.2" force_prob="true"/>
		</lootgroup>
    </append>
	
    <append xpath="/lootcontainers/lootgroup">
		<lootgroup name="groupZpackReg02">
			<item group="booksAllScaled" prob="0.2"/>
			<item group="groupChallengeRewardSkillMagazinesAll" prob="0.2"/>
		</lootgroup>
    </append>
	
    <append xpath="/lootcontainers/lootgroup">
		<lootgroup name="groupZpackStrong02">
			<item group="booksAllScaled" prob="0.2"/>
			<item group="groupChallengeRewardSkillMagazinesAll" prob="0.2"/>
		</lootgroup>
    </append>
	
    <append xpath="/lootcontainers/lootgroup">
		<!-- *** Shotgun_Messiah_Crate -->
		<lootgroup name="groupShotgunMessiahBooks" count="1">
			
			<item name="handgunsSkillMagazine" prob="0.2"/>
			<item name="shotgunsSkillMagazine" prob="0.2"/>
			<item name="riflesSkillMagazine" prob="0.2"/>
			<item name="machineGunsSkillMagazine" prob="0.2"/>
			<item name="explosivesSkillMagazine" prob="0.2"/>
			
			<item name="bookPistolPeteAPAmmo" prob="0.2"/>
			<item name="bookPistolPeteDamage" prob="0.2"/>
			<item name="bookPistolPeteHPAmmo" prob="0.2"/>
			<item name="bookPistolPeteMaintenance" prob="0.2"/>
			<item name="bookPistolPeteSteadyHand" prob="0.2"/>
			<item name="bookPistolPeteSwissKnees" prob="0.2"/>
			<item name="bookPistolPeteTakeAim" prob="0.2"/>
		
			<item name="bookEnforcerAPAmmo" prob="0.2"/>
			<item name="bookEnforcerApparel" prob="0.2"/>
			<item name="bookEnforcerCriminalPursuit" prob="0.2"/>
			<item name="bookEnforcerHPAmmo" prob="0.2"/>
			<item name="bookEnforcerDamage" prob="0.2"/>
			<item name="bookEnforcerIntimidation" prob="0.2"/>
			<item name="bookEnforcerPunks" prob="0.2"/>
			
			<item name="bookShotgunMessiahBreachingSlugs" prob="0.2"/>
			<item name="bookShotgunMessiahDamage" prob="0.2"/>
			<item name="bookShotgunMessiahLimbShot" prob="0.2"/>
			<item name="bookShotgunMessiahMaintenance" prob="0.2"/>
			<item name="bookShotgunMessiahMagazine" prob="0.2"/>
			<item name="bookShotgunMessiahPartyStarter" prob="0.2"/>
			<item name="bookShotgunMessiahSlugs" prob="0.2"/>
		
			<item name="bookSniperAPAmmo" prob="0.2"/>
			<item name="bookSniperControlledBreathing" prob="0.2"/>
			<item name="bookSniperCripplingShot" prob="0.2"/>
			<item name="bookSniperDamage" prob="0.2"/>
			<item name="bookSniperHeadShot" prob="0.2"/>
			<item name="bookSniperReload" prob="0.2"/>
			<item name="bookSniperHPAmmo" prob="0.2"/>
			
			<item name="bookAutoWeaponsDamage" prob="0.2"/>
			<item name="bookAutoWeaponsRagdoll" prob="0.2"/>
			<item name="bookAutoWeaponsMaintenance" prob="0.2"/>
			<item name="bookAutoWeaponsRecoil" prob="0.2"/>
			<item name="bookAutoWeaponsDrumMag" prob="0.2"/>
			<item name="bookAutoWeaponsUncontrolledBurst" prob="0.2"/>
			<item name="bookAutoWeaponsMachineGuns" prob="0.2"/>
		
			<item name="bookUrbanCombatAdrenalineRush" prob="0.2"/>
			<item name="bookUrbanCombatCigar" prob="0.2"/>
			<item name="bookUrbanCombatRoomClearing" prob="0.2"/>
			<item name="bookUrbanCombatJumping" prob="0.2"/>
			<item name="bookUrbanCombatLandMines" prob="0.2"/>
			<item name="bookUrbanCombatLanding" prob="0.2"/>
			<item name="bookUrbanCombatSneaking" prob="0.2"/>
		</lootgroup>
    </append>

    <append xpath="/lootcontainers/lootgroup">
		<lootgroup name="groupZpackBoss04">
			<item group="groupRareToolsTiered" loot_prob_template="high"/>
			<item group="booksRareOnlyScaled" prob="0.2"/>
			<item group="groupWeaponsAllScaledNoStone" loot_prob_template="high"/>
			<item name="casinoCoin" count="600,800" loot_prob_template="med"/>
			<item name="oldCash" count="600,800" loot_prob_template="med"/>
			<item group="groupMedicalRare" loot_prob_template="medHigh"/>
			<item group="groupTreasureMaps" prob="0.2"/>
			<item name="modArmorNightVision" prob="0.2"/>
			<item group="groupModAllScaled" loot_prob_template="med"/>
			<item group="vehiclePartsTiered" loot_prob_template="med"/>
			<item name="modArmorHelmetLight" prob="0.2"/>
		</lootgroup>
    </append>
	
    <append xpath="/lootcontainers/lootgroup">
		<!-- *** Pop-N-Pills_Crate -->
		<lootgroup name="groupPopNPillsBooks" count="1">
		
			<item name="medicalSkillMagazine" prob="0.2"/>
			<item name="knucklesSkillMagazine" prob="0.2"/>
		
			<item name="bookBarBrawling1BasicMoves" prob="0.2"/>
			<item name="bookBarBrawling2DropABomb" prob="0.2"/>
			<item name="bookBarBrawling3KillerInstinct" prob="0.2"/>
			<item name="bookBarBrawling4FinishingMoves" prob="0.2"/>
			<item name="bookBarBrawling5AdrenalineHealing" prob="0.2"/>
			<item name="bookBarBrawling6RageMode" prob="0.2"/>
			<item name="bookBarBrawling7BoozedUp" prob="0.2"/>
		</lootgroup>
    </append>
	
    <append xpath="/lootcontainers/lootgroup">
		<lootgroup name="groupReinforcedChestT3_05" count="1">
			<item group="booksAllScaled" prob="0.2"/>
			<item group="skillMagazines" prob="0.2"/>
			<item group="groupTreasureMaps" prob="0.2"/>
		</lootgroup>
    </append>
	
    <append xpath="/lootcontainers/lootgroup">
		<lootgroup name="groupHardenedChestT4_07">
			<item group="booksAllScaled" prob="0.2"/>
			<item group="skillMagazines" prob="0.2"/>
			<item group="groupTreasureMaps" prob="0.2"/>
		</lootgroup>
    </append>
			
    <append xpath="/lootcontainers/lootgroup">
		<lootgroup name="groupHardenedChestT5_05">
			<item group="booksAllScaled" prob="0.2"/>
			<item group="skillMagazines" prob="0.2"/>
			<item group="groupTreasureMaps" prob="0.2"/>
		</lootgroup>
    </append>
	
    <append xpath="/lootcontainers/lootgroup">
		<!-- *** Desks_Loot -->
		<lootgroup name="groupDesks01">
			<item group="groupArmorParts" loot_prob_template="high"/>
			<item group="groupJunkNoBMats" loot_prob_template="med"/>
			<item group="booksAllScaled" prob="0.2"/>
			<item group="skillMagazines" prob="0.2"/>
			<item group="groupAmmoSmall" prob="0.2"/>
		</lootgroup>
    </append>

    <append xpath="/lootcontainers/lootgroup">
		<lootgroup name="groupLuggage02">
			<item group="groupFoodCommon" prob="0.2"/>
			<item group="groupDrinksCommon" loot_prob_template="medHigh"/>
			<item group="groupArmorScaled" loot_prob_template="med"/>
			<item group="groupMedicalCommon" loot_prob_template="medLow"/>
			<item group="booksAllScaled" prob="0.2"/>
			<item group="skillMagazines" prob="0.2"/>
			<item group="groupAmmoSmall" prob="0.2"/>
		</lootgroup>
    </append>
			
    <append xpath="/lootcontainers/lootgroup">
		<lootgroup name="groupLocker02">
			<item group="groupWeaponsAllScaled" prob="0.2"/>
			<item group="groupWeaponModsScaled" loot_prob_template="med"/>
			<item group="groupToolsTiered" prob="0.2"/>
			<item group="booksAllScaled" prob="0.2"/>
			<item group="skillMagazines" prob="0.2"/>
		</lootgroup>
    </append>
			
    <append xpath="/lootcontainers/lootgroup">
		<!-- *** Hidden_Stash -->
		<lootgroup name="groupHiddenStash01">
			<item group="groupAmmoPileLarge" loot_prob_template="med"/>
			<item group="groupModAllScaled" loot_prob_template="med"/>
			<item group="booksAllScaled" prob="0.2"/>
			<item group="skillMagazines" prob="0.2"/>
		</lootgroup>
    </append>
			
    <append xpath="/lootcontainers/lootgroup">
		<lootgroup name="groupHiddenStash02">
			<item group="groupWeaponsAllScaledNoStone" loot_prob_template="med"/>
			<item group="groupArmorChests" loot_prob_template="med"/>
			<item group="booksRareOnlyScaled" prob="0.2"/>
			<item group="groupValuablesLarge" loot_prob_template="med"/>
			<item name="workstationSkillMagazine" count="1" prob="0.2"/>
		</lootgroup>
    </append>

    <append xpath="/lootcontainers/lootgroup">
		<lootgroup name="groupAirDrop03">
			<item group="groupToolsTiered"/>
			<item group="groupAmmoLarge"/>
			<item group="groupArmorScaled"/>
			<item group="groupWeaponsAllScaled"/>
			<item group="groupModAllScaled"/>
			<item group="booksAllScaled" prob="0.2"/>
			<item group="booksRareOnlyScaled" prob="0.2"/>
			<item name="workstationSkillMagazine" prob="0.2"/>
		</lootgroup>
    </append>
	
    <append xpath="/lootcontainers/lootgroup">
		<lootgroup name="skillMagazines" count="1">
			<!-- Working_Stiff_Magazines_AND_Trader_Bob_Magazines -->
			<item name="harvestingToolsSkillMagazine" prob="0.2"/>
			<item name="repairToolsSkillMagazine" prob="0.2"/>
			<item name="salvageToolsSkillMagazine" prob="0.2"/>
			<item name="sledgehammersSkillMagazine" prob="0.2"/>
			<item name="workstationSkillMagazine" prob="0.2"/>
			
			<!-- Savage_Country_AND_Trader_Hugh_Magazines -->
			<item name="bowsSkillMagazine" prob="0.2"/>
			<item name="spearsSkillMagazine" prob="0.2"/>
			<item name="bladesSkillMagazine" prob="0.2"/>
			<item name="clubsSkillMagazine" prob="0.2"/>
			
			<!-- Shotgun_Messiah_AND_Trader_Hugh_Magazines -->
			<item name="handgunsSkillMagazine" prob="0.2"/>
			<item name="shotgunsSkillMagazine" prob="0.2"/>
			<item name="riflesSkillMagazine" prob="0.2"/>
			<item name="machineGunsSkillMagazine" prob="0.2"/>
			<item name="explosivesSkillMagazine" prob="0.2"/>
			
			<!-- Savage_Country_AND_Trader_Joel_Magazines -->
			<item name="armorSkillMagazine" prob="0.2"/>
			
			<!-- Pop-N-Pills_AND_Trader_Jen_Magazines -->
			<item name="medicalSkillMagazine" prob="0.2"/>
			<item name="knucklesSkillMagazine" prob="0.2"/>
			
			<!-- Shamway_AND_Trader_Rekt_Magazines -->
			<item name="foodSkillMagazine" prob="0.2"/>
			<item name="seedSkillMagazine" prob="0.2"/>
			
			<!-- Mo_Power_AND_Trader_Bob_Magazines -->
			<item name="roboticsSkillMagazine" prob="0.2"/>
			<item name="vehiclesSkillMagazine" prob="0.2"/>
			<item name="electricianSkillMagazine" prob="0.2"/>
			<item name="trapsSkillMagazine" prob="0.2"/>
		</lootgroup>
    </append>
			
    <append xpath="/lootcontainers/lootgroup">
		<lootgroup name="groupQuestRewardSkillMagazinesAll01" count="1">
			<item name="bowsSkillMagazine" count="1" prob="0.2"/>
			<item name="spearsSkillMagazine" count="1" prob="0.2"/>
			<item name="clubsSkillMagazine" count="1" prob="0.2"/>
			<item name="sledgehammersSkillMagazine" count="1" prob="0.2"/>
			<item name="harvestingToolsSkillMagazine" count="1" prob="0.2"/>
			<item name="knucklesSkillMagazine" count="1" prob="0.2"/>
			<item name="bladesSkillMagazine" count="1" prob="0.2"/>
			<item name="repairToolsSkillMagazine" count="1" prob="0.2"/>
			<item name="salvageToolsSkillMagazine" count="1" prob="0.2"/>
		
			<item name="handgunsSkillMagazine" count="1" prob="0.2"/>
			<item name="shotgunsSkillMagazine" count="1" prob="0.2"/>
			<item name="riflesSkillMagazine" count="1" prob="0.2"/>
			<item name="machineGunsSkillMagazine" count="1" prob="0.2"/>
			<item name="explosivesSkillMagazine" count="1" prob="0.2"/>
			<item name="armorSkillMagazine" count="1" prob="0.2"/>
			<item name="roboticsSkillMagazine" count="1" prob="0.2"/>
		
			<item name="workstationSkillMagazine" count="1" prob="0.2"/>
			<item name="medicalSkillMagazine" count="1" prob="0.2"/>
			<item name="foodSkillMagazine" count="1" prob="0.2"/>
			<item name="seedSkillMagazine" count="1" prob="0.2"/>
			<item name="vehiclesSkillMagazine" count="1" prob="0.2"/>
			<item name="electricianSkillMagazine" count="1" prob="0.2"/>
			<item name="trapsSkillMagazine" count="1" prob="0.2"/>
		</lootgroup>
    </append>
			
	<append xpath="/lootcontainers/lootgroup">
		<!-- *** T0_Vehicle_Schematics -->
		<lootgroup name="schematicsVehiclesT0">
			<item group="vehicleModSchematics01"/>
			<item name="vehiclesSkillMagazine" prob="0.2"/>
		</lootgroup>
	</append>
		
    <append xpath="/lootcontainers/lootgroup">
		<!-- *** T1_Vehicle_Schematics -->
		<lootgroup name="schematicsVehiclesT1">
			<item group="vehicleModSchematics02"/>
			<item name="vehiclesSkillMagazine" prob="0.2"/>
		</lootgroup>
    </append>
		
    <append xpath="/lootcontainers/lootgroup">
		<!-- *** T2_Vehicle_Schematics -->
		<lootgroup name="schematicsVehiclesT2">
			<item group="vehicleModSchematics03"/>
			<item name="vehiclesSkillMagazine" prob="0.2"/>
		</lootgroup>
    </append>

    <append xpath="/lootcontainers/lootgroup">
		<lootgroup name="groupSchematicsAll">
			<item group="schematicsModsAndGeneralCommon" loot_prob_template="med"/>
			<item group="schematicsVehiclesCommon" prob="0.2"/>
			<item group="skillMagazines" prob="0.2"/>
		</lootgroup>
    </append>
			
    <append xpath="/lootcontainers/lootgroup">
		<!-- *** Electrical_Devices -->
		<lootgroup name="groupElectricalDevices">
			<item name="resourceElectricParts" count="5,10" loot_prob_template="high"/>
			<item name="electricwirerelay" count="5,15" loot_prob_template="med"/>
			<item name="electrictimerrelay" count="1,3" loot_prob_template="med"/>
			<item name="ceilingLight01_player" count="1,6" loot_prob_template="med"/>
			<item name="switch" count="1,3" loot_prob_template="med"/>
			<item name="speaker" count="1" prob="0.2"/>
			<item name="motionsensor" count="1,2" prob="0.2"/>
			<item name="pressureplate" count="1,5" prob="0.2"/>
			<item name="batterybank" prob="0.2"/>
			<item name="generatorbank" prob="0.2"/>
			<item name="electricianSkillMagazine" prob="0.2"/>
			<item name="trapsSkillMagazine" count="1" prob="0.2"/>
		</lootgroup>
    </append>

    <append xpath="/lootcontainers/lootgroup">
		<lootgroup name="groupWorkingStiffs01">
			<item name="harvestingToolsSkillMagazine" prob="0.2"/>
			<item name="repairToolsSkillMagazine" prob="0.2"/>
			<item name="salvageToolsSkillMagazine" prob="0.2"/>
			<item name="sledgehammersSkillMagazine" prob="0.2"/>
			<item name="workstationSkillMagazine" prob="0.2"/>
			<item name="frameShapes:VariantHelper" count="10,20" loot_prob_template="med"/>
			<item group="toolParts" loot_prob_template="med"/>
			<item group="groupToolsTieredBonus" loot_prob_template="medLow"/>
		</lootgroup>
    </append>

    <append xpath="/lootcontainers/lootgroup">
		<!-- *** Survival_Loot -->
		<lootgroup name="survivalMedical">
			<item name="medicalFirstAidBandage"/>
			<item name="medicalAloeCream" count="1,2"/>
			<item name="medicalBandage" count="1,2"/>
			<item name="foodHoney" prob="0.2"/>
			<item name="drugHerbalAntibiotics" prob="0.2"/>
			<item name="drugPainkillers"/>
			<item name="drugVitamins"/>
			<item name="medicalSplint" count="1" prob="0.2"/>
			<item name="medicalSkillMagazine" prob="0.2"/>
		</lootgroup>
    </append>

    <append xpath="/lootcontainers/lootgroup">
		<lootgroup name="groupQuestSchematics">
			<item group="skillMagazines" loot_prob_template="high"/>
			<item group="perkBooks" loot_prob_template="medHigh"/>
			<item group="schematicsModsAndGeneralCommon" loot_prob_template="med"/>
			<item name="foodCanShamSchematic" prob="0.2"/>
		</lootgroup>
    </append>

    <append xpath="/lootcontainers/lootgroup">
		<lootgroup name="groupQuestT1SkillMagazineBundle">
			<item name="questRewardT1SkillMagazineBundle" prob="0.2"/>
		</lootgroup>
    </append>

    <append xpath="/lootcontainers/lootgroup">
		<!-- *** Cupboard_Loot -->
		<lootgroup name="groupCupboard01">
			<item group="groupFoodTrashUncommon" loot_prob_template="high"/>
			<item group="groupFoodCommon" prob="0.2"/>
			<item name="foodSkillMagazine" prob="0.2"/>
		</lootgroup>
    </append>
			
    <append xpath="/lootcontainers/lootgroup">
		<lootgroup name="groupCupboard02">
			<item group="groupCookingTools" prob="0.2"/>
			<item group="groupIngredientsCommon" loot_prob_template="high"/>
			<item name="foodSkillMagazine" prob="0.2"/>
			<item group="seeds" prob="0.2"/>
		</lootgroup>
    </append>

    <append xpath="/lootcontainers/lootgroup">
		<lootgroup name="groupBuriedSuppliesT1_03">
			<item name="foodSkillMagazine" prob="0.2"/>
			<item name="seedSkillMagazine" prob="0.2"/>
		</lootgroup>
    </append>
    <append xpath="/lootcontainers/lootgroup">
		<!-- *** Weapon_Bags -->
		<lootgroup name="groupSmallWeaponBag" count="all">
			<item group="groupWeaponsLowHighMed" count="1"/>
			<item group="weaponSkillMagazinesOnly" prob="0.2" force_prob="true"/>
			<item group="groupWeaponsHighMedLow" loot_prob_template="med" force_prob="true"/>
			<item group="groupSmallAmmoMedMed" prob="0.2" force_prob="true"/>
		</lootgroup>
    </append>
			
    <append xpath="/lootcontainers/lootgroup">
		<lootgroup name="groupLargeWeaponBag" count="all">
			<item group="groupWeaponsMedMedHigh" count="1"/>
			<item group="weaponSkillMagazinesOnly" prob="0.2" force_prob="true"/>
			<item group="groupWeaponsMedMedMed" loot_prob_template="high" force_prob="true"/>
			<item group="groupSmallAmmoMedMed" loot_prob_template="high" force_prob="true"/>
		</lootgroup>
    </append>
		
    <append xpath="/lootcontainers/lootgroup">
		<lootgroup name="groupGunSafeSecure" count="all">
			<item group="groupWeaponsMedMedHigh" count="1"/>
			<item group="groupWeaponsMedMedMed" loot_prob_template="high" force_prob="true"/>
			<item group="groupWeaponsMedMedMed" loot_prob_template="med" force_prob="true"/>
			<item group="groupMedAmmoHighMed" loot_prob_template="high" force_prob="true"/>
			<item group="groupSafeBooks" loot_prob_template="medLow" force_prob="true"/>
			<item group="weaponSkillMagazinesOnly" prob="0.2" force_prob="true"/>
		</lootgroup>
    </append>
			
    <append xpath="/lootcontainers/lootgroup">
		<!-- *** FOOD -->
		<lootgroup name="groupFoodPileSmall" count="all">
			<item group="groupFoodSmall01" count="1"/>
			<item group="groupDrinksSmall01" loot_prob_template="med" force_prob="true"/>
			<item group="groupIngredientsSmall01" prob="0.2" force_prob="true"/>
			<item name="foodSkillMagazine" count="1" prob="0.2" force_prob="true"/>
		</lootgroup>
    </append>

    <append xpath="/lootcontainers/lootgroup">
		<lootgroup name="groupFoodPileMed" count="all">
			<item group="groupFoodMed01" count="1"/>
			<item group="groupDrinksMed01" loot_prob_template="high" force_prob="true"/>
			<item group="groupIngredientsMed01" loot_prob_template="med" force_prob="true"/>
			<item group="groupIngredientsMed02" prob="0.2" force_prob="true"/>
			<item name="foodSkillMagazine" count="1" prob="0.2" force_prob="true"/>
		</lootgroup>
    </append>
			
    <append xpath="/lootcontainers/lootgroup">
		<lootgroup name="groupFoodPileLarge" count="all">
			<item group="groupFoodLarge01" count="1"/>
			<item group="groupDrinksLarge01" count="1"/>
			<item group="groupFoodLarge02" loot_prob_template="med" force_prob="true"/>
			<item group="groupDrinksLarge02" prob="0.2" force_prob="true"/>
			<item group="groupIngredientsLarge01" loot_prob_template="med" force_prob="true"/>
			<item group="groupIngredientsLarge02" prob="0.2" force_prob="true"/>
			<item name="foodSkillMagazine" count="1" prob="0.2" force_prob="true"/>
		</lootgroup>
    </append>
			
    <append xpath="/lootcontainers/lootgroup">
		<!-- *** Medical_Piles -->
		<lootgroup name="groupMedicalPileSmall" count="all">
			<item group="groupMedicalSmall01" count="1"/>
			<item group="groupMedicalSmall02" loot_prob_template="med" force_prob="true"/>
			<item group="groupMedicalSmall03" prob="0.2" force_prob="true"/>
			<item name="medicalSkillMagazine" count="1" prob="0.2" force_prob="true"/>
		</lootgroup>
    </append>
			
    <append xpath="/lootcontainers/lootgroup">
		<lootgroup name="groupMedicalPileMed" count="all">
			<item group="groupMedicalMed01" count="1"/>
			<item group="groupMedicalMed02" loot_prob_template="high" force_prob="true"/>
			<item group="groupMedicalMed03" loot_prob_template="med" force_prob="true"/>
			<item group="groupMedicalMed04" prob="0.2" force_prob="true"/>
			<item name="medicalSkillMagazine" count="1" prob="0.2" force_prob="true"/>
		</lootgroup>
    </append>
			
    <append xpath="/lootcontainers/lootgroup">
		<lootgroup name="groupLiquorBonus">
			<item name="drinkJarRiverWater" count="1" loot_prob_template="high"/>
			<item name="drinkJarBeer" count="1" loot_prob_template="med"/>
			<item name="drinkJarGrandpasMoonshine" count="1" prob="0.2"/>
			<item name="drinkJarGrandpasAwesomeSauce" count="1" prob="0.2"/>
			<item name="drinkJarGrandpasLearningElixir" count="1" prob="0.2"/>
			<item name="drugRecog" count="1" prob="0.2"/>
			<item name="foodSkillMagazine" count="0,1" prob="0.2"/>
		</lootgroup>
    </append>
			
    <append xpath="/lootcontainers/lootgroup">
		<!-- *** First_Aid_Station -->
		<lootgroup name="groupMedicalPileLarge" count="all">
			<item group="groupMedicalLarge01" count="1"/>
			<item group="groupMedicalLarge02" loot_prob_template="high" force_prob="true"/>
			<item group="groupMedicalLarge03" loot_prob_template="med" force_prob="true"/>
			<item name="medicalSkillMagazine" count="1" prob="0.2" force_prob="true"/>
		</lootgroup>
    </append>
			
    <append xpath="/lootcontainers/lootgroup">
		<lootgroup name="groupMilitaryFootlocker01">
			<item group="groupAmmoSmall" loot_prob_template="high"/>
			<item group="weaponSkillMagazinesOnly" prob="0.2"/>
			<item group="groupMilitaryBooks" loot_prob_template="med"/>
			<item group="groupAmmoMedium" loot_prob_template="med"/>
			<item group="groupAmmoLarge" prob="0.2"/>
			<item group="groupTreasureMaps" prob="0.2"/>
			<item name="meleeToolFlashlight02" prob="0.2"/>
		</lootgroup>
    </append>
			
    <append xpath="/lootcontainers/lootgroup">
		<lootgroup name="groupCars02">
			<item group="skillMagazines" prob="0.2"/>
			<item name="vehiclesSkillMagazine" prob="0.2"/>
			<item group="groupToolsT0" loot_prob_template="ProbT0"/>
			<item group="groupToolsT1" loot_prob_template="ProbT1"/>
			<item group="groupWeaponsT0_Melee" loot_prob_template="ProbT0"/>
			<item group="groupWeaponsT1_Melee" loot_prob_template="ProbT1"/>
		</lootgroup>
    </append>
			
    <append xpath="/lootcontainers/lootgroup">
		<lootgroup name="groupCars03">
			<item group="skillMagazines" prob="0.2"/>
			<item group="groupAmmoSmall" prob="0.2"/>
			<item group="groupAmmoMedium" prob="0.2"/>
			<item group="groupWeaponsT0_Ranged" loot_prob_template="ProbT0"/>
			<item group="groupWeaponsT1_Ranged" loot_prob_template="ProbT1"/>
		</lootgroup>
    </append>

			
    <append xpath="/lootcontainers/lootgroup">
		<lootgroup name="groupGarage02">
			<item group="dyes" prob="0.2"/>
			<item name="resourceAcid" count="1"  prob="0.2"/>
			<item group="groupElectricalDevices" prob="0.2"/>
			<item name="vehiclesSkillMagazine" prob="0.2"/>
		</lootgroup>
    </append>

    <append xpath="/lootcontainers/lootgroup">
		<!-- *** File_Cabinet -->
		<lootgroup name="groupFileCabinet01">
			<item name="resourcePaper" count="4,10" prob="0.2"/>
			<item group="skillMagazines" count="1" prob="0.2"/>
		</lootgroup>
    </append>
		
    <append xpath="/lootcontainers/lootgroup">
		<lootgroup name="groupWorkbenchLoot04">
			<item group="groupToolsTiered"/>
			<item group="groupRareToolsTiered"/>
			<item group="vehiclePartsTiered"/>
			<item name="workstationSkillMagazine" prob="0.2"/>
		</lootgroup>
    </append>
		
    <append xpath="/lootcontainers/lootgroup">
		<lootgroup name="groupForge" count="all">
			<item group="groupForge01" count="1"/>
			<item group="groupForge02" loot_prob_template="med" force_prob="true"/>
			<item group="workstationToolsScaled" prob="0.2" force_prob="true"/>
			<item name="workstationSkillMagazine" prob="0.2" force_prob="true"/>
		</lootgroup>
    </append>

    <append xpath="/lootcontainers/lootgroup">
		<lootgroup name="groupCementMixerLoot" count="all">
			<item group="groupCementMixerLoot01" count="1"/>
			<item group="groupCementMixerLoot02" loot_prob_template="medLow" force_prob="true"/>
			<item name="workstationSkillMagazine" prob="0.2" force_prob="true"/>
		</lootgroup>
    </append>
			
    <append xpath="/lootcontainers/lootgroup">
		<lootgroup name="groupChemistryStationLoot03">
			<item name="toolBeaker" prob="0.2"/>
			<item name="workstationSkillMagazine" prob="0.2"/>
		</lootgroup>
    </append>

    <append xpath="/lootcontainers/lootgroup">
		<!-- *** Dew_Collector -->
		<lootgroup name="groupDewCollectorLoot01">
			<item name="resourceMetalPipe" count="1,3" loot_prob_template="med"/>
			<item name="resourceScrapPolymers" count="3,5" loot_prob_template="med"/>
			<item name="workstationSkillMagazine" prob="0.2"/>
		</lootgroup>
    </append>
			
    <append xpath="/lootcontainers/lootgroup">
		<lootgroup name="groupDewCollectorLoot02">
			<item name="drinkJarRiverWater" count="1" prob="0.2"/>
			<item name="workstationSkillMagazine" loot_prob_template="med"/>
		</lootgroup>
    </append>

    <append xpath="/lootcontainers/lootgroup">
		<!-- *** MoPower_Loot -->
		<lootgroup name="groupStunBaton">
			<item name="roboticsSkillMagazine" prob="0.2"/>
			<item name="meleeWpnBatonT2StunBatonParts" loot_prob_template="med"/>
			<item name="meleeWpnBatonT2StunBaton" loot_prob_template="med"/>
		</lootgroup>
    </append>
					
    <append xpath="/lootcontainers/lootgroup">
		<lootgroup name="groupBotSchematics">
			<item name="roboticsSkillMagazine" prob="0.2"/>
			<item name="modRoboticDroneCargoModSchematic" prob="0.2"/>
			<item name="modRoboticDroneMedicModSchematic" prob="0.2"/>
			<item name="modRoboticDroneHeadlampModSchematic" prob="0.2"/>
			<item name="modRoboticDroneArmorPlatingModSchematic" prob="0.2"/>
			<item name="modRoboticDroneMoraleBoosterModSchematic" prob="0.2"/>
		</lootgroup>
    </append>
		
    <append xpath="/lootcontainers/lootgroup">
		<lootgroup name="groupMoPowerShelves">
			<item name="resourceScrapPolymers" count="2,4" loot_prob_template="med"/>
			<item name="resourceScrapIron" count="2,10" loot_prob_template="med"/>
			<item name="resourcePaper" count="2,4" loot_prob_template="med"/>
			<item name="resourceHeadlight" count="1" loot_prob_template="med"/>
			<item name="resourceElectricParts" count="1,2" loot_prob_template="medLow"/>
			<item name="resourceMechanicalParts" count="1,2" loot_prob_template="medLow"/>
			<item name="electricianSkillMagazine" prob="0.2"/>
			<item name="trapsSkillMagazine" prob="0.2"/>
			<item group="groupElectricalDevices" prob="0.2"/>
		</lootgroup>
    </append>
			
    <append xpath="/lootcontainers/lootgroup">
		<lootgroup name="groupMoPower01">
			<item name="resourceElectricParts" count="1,2" loot_prob_template="med"/>
			<item name="resourceMechanicalParts" count="1,2" loot_prob_template="med"/>
			<item name="resourceHeadlight" count="1,2" loot_prob_template="med"/>
			<item name="electricianSkillMagazine" prob="0.2"/>
			<item name="trapsSkillMagazine" prob="0.2"/>
		</lootgroup>
    </append>
			
    <append xpath="/lootcontainers/lootgroup">
		<lootgroup name="groupMoPower02">
			<item name="roboticsSkillMagazine" prob="0.2"/>
			<item name="vehiclesSkillMagazine" prob="0.2"/>
			<item name="electricianSkillMagazine" prob="0.2"/>
			<item name="trapsSkillMagazine" prob="0.2"/>
		</lootgroup>
    </append>
			
    <append xpath="/lootcontainers/lootgroup">
		<lootgroup name="groupMoPower04">
			<item group="groupElectricalDevices" loot_prob_template="med"/>
			<item name="electricianSkillMagazine" prob="0.2"/>
			<item name="trapsSkillMagazine" prob="0.2"/>
			<item group="groupBotSchematics" prob="0.2"/>
			<item name="meleeToolWireTool" prob="0.2"/>
		</lootgroup>
    </append>
			
    <append xpath="/lootcontainers/lootgroup">
		<lootgroup name="groupFarmTruck02">
			<item group="groupToolbox" loot_prob_template="med"/>
			<item name="vehiclesSkillMagazine" prob="0.2"/>
		</lootgroup>
    </append>
			
    <append xpath="/lootcontainers/lootgroup">
		<!-- *** Mailbox_Loot -->
		<lootgroup name="groupMailbox01">
			<item group="perkBooks" prob="0.2"/>
			<item group="skillMagazines" count="1" prob="0.2"/>
			<item name="resourcePaper" count="3,6" loot_prob_template="medLow"/>
		</lootgroup>
    </append>
			
    <append xpath="/lootcontainers/lootgroup">
		<!-- *** Backpack_Loot -->
		<lootgroup name="groupBackpacks01">
			<item group="groupArmorParts"/>
			<item group="groupCupboard"/>
			<item group="survivalMedical"/>
			<item group="skillMagazines" prob="0.2"/>
			<item name="drinkJarRiverWater" prob="0.2"/>
			<item name="resourceGlue" count="1,2" prob="0.2"/>
		</lootgroup>
    </append>
			
    <append xpath="/lootcontainers/lootgroup">
		<!-- *** Camping_Tents -->
		<lootgroup name="groupCampingTents01">
			<item group="groupArmorParts"/>
			<item group="groupCupboard"/>
			<item group="survivalMedical"/>
			<item group="skillMagazines" prob="0.2"/>
			<item name="drinkJarRiverWater" prob="0.2"/>
		</lootgroup>
    </append>
			
    <append xpath="/lootcontainers/lootgroup">
		<!-- *** Pass_N_Gas -->
		<lootgroup name="groupPassNGas01">
		 	<item name="resourceRepairKit" count="2,5" loot_prob_template="medLow"/>
			<item group="groupToolsTiered" loot_prob_template="med"/>
			<item name="harvestingToolsSkillMagazine" prob="0.2"/>
			<item name="repairToolsSkillMagazine" prob="0.2"/>
			<item name="salvageToolsSkillMagazine" prob="0.2"/>
			<item name="vehiclesSkillMagazine" loot_prob_template="high"/>
		</lootgroup>
    </append>

    <append xpath="/lootcontainers/lootgroup">
		<lootgroup name="groupPassNGas03">
			<item group="vehiclePartsTiered" loot_prob_template="medLow"/>
			<item group="vehicleModSchematics" loot_prob_template="medLow"/>
			<item group="groupRareToolsTiered" prob="0.2"/>
			<item name="harvestingToolsSkillMagazine" prob="0.2"/>
			<item name="repairToolsSkillMagazine" prob="0.2"/>
			<item name="salvageToolsSkillMagazine" prob="0.2"/>
		</lootgroup>
    </append>
				
    <append xpath="/lootcontainers/lootgroup">		
		<lootgroup name="groupSavageCountryCrate01">
			<item name="armorSkillMagazine" prob="0.2"/>
			<item name="bowsSkillMagazine" prob="0.2"/>
			<item name="spearsSkillMagazine" prob="0.2"/>
			<item name="bladesSkillMagazine" prob="0.2"/>
			<item name="clubsSkillMagazine" prob="0.2"/>
			<item group="groupArmorScaled" prob="0.2"/>
			<item group="groupArmorModsScaled" loot_prob_template="medLow"/>
			<item group="groupArmorParts" prob="0.2"/>
			<item name="gunBowT1WoodenBowParts" count="1,4" loot_prob_template="medLow"/>
		</lootgroup>
    </append>
			
    <append xpath="/lootcontainers/lootgroup">	
		<lootgroup name="groupShotgunMessiahCrate02">
			<item name="handgunsSkillMagazine" prob="0.2"/>
			<item name="shotgunsSkillMagazine" prob="0.2"/>
			<item name="riflesSkillMagazine" prob="0.2"/>
			<item name="machineGunsSkillMagazine" prob="0.2"/>
			<item name="explosivesSkillMagazine" prob="0.2"/>
		
			<item group="groupAmmoMedium" loot_prob_template="med"/>
			<item group="groupAmmoResourcesMedium" loot_prob_template="med"/>
			<item group="groupShotgunMessiahBooks" loot_prob_template="medLow"/>
		</lootgroup>
    </append>
		
    <append xpath="/lootcontainers/lootgroup">	
		<lootgroup name="groupShamwayCrate02">
			<item name="foodSkillMagazine" prob="0.2"/>
			<item name="seedSkillMagazine" prob="0.2"/>
			<item group="groupDrinksCommon" loot_prob_template="med"/>
			<item group="groupDrinksUncommon" prob="0.2"/>
			<item group="groupDrinksRare" prob="0.2"/>
		</lootgroup>
    </append>
			
    <append xpath="/lootcontainers/lootgroup">	
		<lootgroup name="groupPopNPillsCrate02">
			<item name="medicalSkillMagazine" prob="0.2"/>
			<item name="knucklesSkillMagazine" prob="0.2"/>
		
			<item group="groupMedicalCommon" loot_prob_template="med"/>
			<item group="groupMedicalUncommon" loot_prob_template="high"/>
			<item group="groupMedicalRare" prob="0.2"/>
			<item group="groupPopNPillsBooks" loot_prob_template="medLow"/>
		</lootgroup>
    </append>
		
    <append xpath="/lootcontainers/lootgroup">	
		<!-- *** Loot_Chest_Bonus_Items-->
		<lootgroup name="groupLootChestBonusItems">
			<item name="resourceSewingKit" count="5,10" loot_prob_template="high"/>
			<item name="resourceLockPick" count="5" loot_prob_template="medHigh"/>
			<item name="resourceAcid" count="1,2" loot_prob_template="med"/>
			<item name="thrownTimedCharge" count="5" loot_prob_template="medLow"/>
			<item name="toolBeaker" count="1" loot_prob_template="medLow"/>
			<item name="harvestingToolsSkillMagazine" count="1" prob="0.2"/>
			<item name="repairToolsSkillMagazine" count="1" prob="0.2"/>
			<item name="salvageToolsSkillMagazine" count="1" prob="0.2"/>
			<item name="workstationSkillMagazine" count="1" prob="0.2"/>
		</lootgroup>
    </append>
			
    <append xpath="/lootcontainers/lootgroup">	
		<!-- *** Luggage_Loot -->
		<lootgroup name="groupLuggage01">
			<item group="groupArmorParts"/>
			<item group="skillMagazines" prob="0.2"/>
		</lootgroup>
    </append>
			
    <append xpath="/lootcontainers/lootgroup">	
		<lootgroup name="groupAirDrop" count="all">
			<item name="questRewardT1SkillMagazineBundle" count="1" prob="0.2"/>
			<item group="groupAirDrop01" count="1"/>
			<item group="groupAirDrop02" count="1"/>
			<item group="groupAirDrop03" count="1"/>
		</lootgroup>
    </append>
    
	<append xpath="/lootcontainers/lootcontainer">
        <lootcontainer name="questRewardSkillMagazines" count="1" size="6,1"
            sound_open="UseActions/open_garbage" sound_close="silencefiller"
            loot_quality_template="qualBaseTemplate"
            destroy_on_close="empty"
            unique_item="true"
            ignore_loot_abundance="true">
            
            <item group="groupQuestRewardSkillMagazinesAll" prob="0.2"/>
        </lootcontainer>
    </append>
</configs>